---
layout: none
---
<?xml version="1.0" encoding="UTF-8"?>
<rss version="2.0" xmlns:atom="http://www.w3.org/2005/Atom">
  <channel>
    <title>{{ site.title | xml_escape }}</title>
    <description>{{ site.description | xml_escape }}</description>
    <link>{{ site.url }}{{ site.baseurl }}/</link>
    <atom:link href="{{ "/rss/feed.xml" | prepend: site.baseurl | prepend: site.url }}" rel="self" type="application/rss+xml" />
    {% for reg in site.collections %}
    {% assign name = reg.label %}
    {% for value in site.[name] %}
      <item>
        <title>{{ value.slug | xml_escape }}</title>
        <description>{{ value.description | xml_escape }}</description>
        <category>{{ reg.label }}</category>
        <pubDate>{% if value.date %}{{ value.date | date: "%a, %d %b %Y %H:%M:%S %z" }}{% else %}{{ 'now' | date: "%a, %d %b %Y %H:%M:%S %z" }}{% endif %}</pubDate>
        <link>{{ value.url }}</link>
        <guid isPermaLink="true">{{ value.url }}</guid>
      </item>
    {% endfor %}
    {% endfor %}
  </channel>
</rss>
